"movie","type","word","minutes_in"
"Reservoir Dogs","word","word_19",0.4
"Reservoir Dogs","word","word_21",0.43
"Reservoir Dogs","word","word_25",0.55
"Reservoir Dogs","word","word_30",0.61
"Reservoir Dogs","word","word_11",0.61
"Reservoir Dogs","word","word_24",0.66
"Reservoir Dogs","word","word_51",0.9
"Reservoir Dogs","word","word_24",1.43
"Reservoir Dogs","word","word_21",1.56
"Reservoir Dogs","word","word_24",1.66
"Reservoir Dogs","word","word_19",1.75
"Reservoir Dogs","word","word_19",1.75
"Reservoir Dogs","word","word_19",1.75
"Reservoir Dogs","word","word_19",1.75
"Reservoir Dogs","word","word_19",1.75
"Reservoir Dogs","word","word_19",1.75
"Reservoir Dogs","word","word_19",1.75
"Reservoir Dogs","word","word_21",1.75
"Reservoir Dogs","word","word_45",1.83
"Reservoir Dogs","word","word_19",1.96
"Reservoir Dogs","word","word_50",2.15
"Reservoir Dogs","word","word_31",2.18
"Reservoir Dogs","word","word_24",2.3
"Reservoir Dogs","word","word_30",2.45
"Reservoir Dogs","word","word_37",2.48
"Reservoir Dogs","word","word_30",2.51
"Reservoir Dogs","word","word_30",2.81
"Reservoir Dogs","word","word_19",2.86
"Reservoir Dogs","word","word_41",2.93
"Reservoir Dogs","word","word_24",3.05
"Reservoir Dogs","word","word_51",3.2
"Reservoir Dogs","word","word_30",3.4
"Reservoir Dogs","word","word_30",3.55
"Reservoir Dogs","word","word_30",3.7
"Reservoir Dogs","word","word_45",3.93
"Reservoir Dogs","word","word_45",3.98
"Reservoir Dogs","word","word_51",4.35
"Reservoir Dogs","word","word_51",4.76
"Reservoir Dogs","word","word_30",4.86
"Reservoir Dogs","word","word_19",5.25
"Reservoir Dogs","word","word_30",5.41
"Reservoir Dogs","word","word_30",5.51
"Reservoir Dogs","word","word_30",5.55
"Reservoir Dogs","word","word_30",5.61
"Reservoir Dogs","word","word_11",6.23
"Reservoir Dogs","word","word_24",6.46
"Reservoir Dogs","word","word_25",6.58
"Reservoir Dogs","word","word_31",6.66
"Reservoir Dogs","word","word_11",6.81
"Reservoir Dogs","word","word_30",6.86
"Reservoir Dogs","word","word_30",6.73
"Reservoir Dogs","word","word_7",7.38
"Reservoir Dogs","word","word_33",7.41
"Reservoir Dogs","word","word_33",7.58
"Reservoir Dogs","word","word_51",9.63
"Reservoir Dogs","word","word_30",9.96
"Reservoir Dogs","word","word_51",10.01
"Reservoir Dogs","word","word_30",10.08
"Reservoir Dogs","word","word_51",10.26
"Reservoir Dogs","word","word_33",11.13
"Reservoir Dogs","word","word_30",11.13
"Reservoir Dogs","word","word_30",11.85
"Reservoir Dogs","word","word_30",12.06
"Reservoir Dogs","word","word_30",12.08
"Reservoir Dogs","word","word_30",12.43
"Reservoir Dogs","word","word_30",12.45
"Reservoir Dogs","word","word_30",12.9
"Reservoir Dogs","word","word_30",13.73
"Reservoir Dogs","word","word_24",14.38
"Reservoir Dogs","word","word_30",14.66
"Reservoir Dogs","word","word_30",14.95
"Reservoir Dogs","word","word_30",15.38
"Reservoir Dogs","word","word_30",15.41
"Reservoir Dogs","word","word_51",15.45
"Reservoir Dogs","word","word_24",15.51
"Reservoir Dogs","word","word_24",15.65
"Reservoir Dogs","word","word_30",15.75
"Reservoir Dogs","word","word_25",15.86
"Reservoir Dogs","word","word_25",15.88
"Reservoir Dogs","word","word_25",15.93
"Reservoir Dogs","word","word_24",16.45
"Reservoir Dogs","word","word_46",16.6
"Reservoir Dogs","word","word_30",16.65
"Reservoir Dogs","word","word_24",16.75
"Reservoir Dogs","word","word_30",16.86
"Reservoir Dogs","word","word_30",17.56
"Reservoir Dogs","word","word_24",17.63
"Reservoir Dogs","word","word_30",17.75
"Reservoir Dogs","word","word_30",17.95
"Reservoir Dogs","word","word_30",18
"Reservoir Dogs","word","word_51",20.13
"Reservoir Dogs","word","word_30",20.16
"Reservoir Dogs","word","word_24",20.68
"Reservoir Dogs","word","word_24",20.73
"Reservoir Dogs","word","word_24",20.93
"Reservoir Dogs","word","word_30",20.96
"Reservoir Dogs","word","word_5",20.98
"Reservoir Dogs","word","word_24",21
"Reservoir Dogs","word","word_30",21.01
"Reservoir Dogs","word","word_24",21.2
"Reservoir Dogs","word","word_30",22.18
"Reservoir Dogs","word","word_24",22.21
"Reservoir Dogs","word","word_45",22.46
"Reservoir Dogs","word","word_24",22.6
"Reservoir Dogs","word","word_33",22.71
"Reservoir Dogs","word","word_2",22.8
"Reservoir Dogs","word","word_24",23
"Reservoir Dogs","word","word_30",23.2
"Reservoir Dogs","word","word_6",23.35
"Reservoir Dogs","word","word_30",24.01
"Reservoir Dogs","word","word_24",24.05
"Reservoir Dogs","word","word_30",24.6
"Reservoir Dogs","word","word_24",24.66
"Reservoir Dogs","word","word_30",24.76
"Reservoir Dogs","word","word_30",25.13
"Reservoir Dogs","word","word_51",25.35
"Reservoir Dogs","word","word_24",25.45
"Reservoir Dogs","word","word_30",25.75
"Reservoir Dogs","word","word_11",25.76
"Reservoir Dogs","word","word_30",26.01
"Reservoir Dogs","word","word_30",26.06
"Reservoir Dogs","word","word_30",26.16
"Reservoir Dogs","word","word_30",26.26
"Reservoir Dogs","word","word_37",27.21
"Reservoir Dogs","word","word_51",28.6
"Reservoir Dogs","word","word_30",28.6
"Reservoir Dogs","word","word_30",28.83
"Reservoir Dogs","word","word_51",28.83
"Reservoir Dogs","word","word_51",29.16
"Reservoir Dogs","word","word_37",29.18
"Reservoir Dogs","word","word_30",31.13
"Reservoir Dogs","word","word_24",31.5
"Reservoir Dogs","word","word_30",31.6
"Reservoir Dogs","word","word_24",31.8
"Reservoir Dogs","word","word_24",31.81
"Reservoir Dogs","word","word_30",31.88
"Reservoir Dogs","word","word_37",32.11
"Reservoir Dogs","word","word_30",32.43
"Reservoir Dogs","word","word_24",32.55
"Reservoir Dogs","word","word_30",32.58
"Reservoir Dogs","word","word_51",32.6
"Reservoir Dogs","word","word_24",32.63
"Reservoir Dogs","word","word_30",32.7
"Reservoir Dogs","word","word_51",32.91
"Reservoir Dogs","word","word_5",33.76
"Reservoir Dogs","word","word_51",33.81
"Reservoir Dogs","word","word_30",33.9
"Reservoir Dogs","word","word_30",34.3
"Reservoir Dogs","word","word_24",34.38
"Reservoir Dogs","word","word_30",34.46
"Reservoir Dogs","word","word_30",34.56
"Reservoir Dogs","word","word_30",34.6
"Reservoir Dogs","word","word_24",34.71
"Reservoir Dogs","word","word_30",34.75
"Reservoir Dogs","word","word_24",34.85
"Reservoir Dogs","word","word_5",34.98
"Reservoir Dogs","word","word_6",35.48
"Reservoir Dogs","word","word_24",35.5
"Reservoir Dogs","word","word_30",35.6
"Reservoir Dogs","word","word_30",35.61
"Reservoir Dogs","word","word_48",35.61
"Reservoir Dogs","word","word_48",35.63
"Reservoir Dogs","word","word_30",35.71
"Reservoir Dogs","word","word_30",35.83
"Reservoir Dogs","word","word_24",35.88
"Reservoir Dogs","word","word_3",35.95
"Reservoir Dogs","word","word_24",36.01
"Reservoir Dogs","word","word_51",36.06
"Reservoir Dogs","word","word_30",36.11
"Reservoir Dogs","word","word_24",37.41
"Reservoir Dogs","word","word_30",37.48
"Reservoir Dogs","word","word_24",37.91
"Reservoir Dogs","word","word_30",39.06
"Reservoir Dogs","word","word_5",39.06
"Reservoir Dogs","word","word_30",39.18
"Reservoir Dogs","word","word_37",39.46
"Reservoir Dogs","word","word_37",39.6
"Reservoir Dogs","word","word_9",39.88
"Reservoir Dogs","word","word_30",40.13
"Reservoir Dogs","word","word_2",40.15
"Reservoir Dogs","word","word_2",40.3
"Reservoir Dogs","word","word_32",40.48
"Reservoir Dogs","word","word_51",40.96
"Reservoir Dogs","word","word_24",41.25
"Reservoir Dogs","word","word_7",41.3
"Reservoir Dogs","word","word_24",41.31
"Reservoir Dogs","word","word_24",41.43
"Reservoir Dogs","word","word_30",41.75
"Reservoir Dogs","word","word_2",41.76
"Reservoir Dogs","word","word_9",41.85
"Reservoir Dogs","word","word_30",41.93
"Reservoir Dogs","word","word_48",41.93
"Reservoir Dogs","word","word_2",42
"Reservoir Dogs","word","word_30",42.03
"Reservoir Dogs","word","word_9",42.11
"Reservoir Dogs","word","word_9",42.13
"Reservoir Dogs","word","word_51",42.16
"Reservoir Dogs","word","word_24",42.55
"Reservoir Dogs","word","word_45",42.56
"Reservoir Dogs","word","word_26",42.6
"Reservoir Dogs","word","word_57",42.66
"Reservoir Dogs","word","word_4",42.86
"Reservoir Dogs","word","word_30",43.06
"Reservoir Dogs","word","word_30",43.31
"Reservoir Dogs","word","word_51",43.35
"Reservoir Dogs","word","word_24",42.7
"Reservoir Dogs","word","word_24",42.71
"Reservoir Dogs","word","word_51",43.86
"Reservoir Dogs","word","word_30",44
"Reservoir Dogs","word","word_51",44.03
"Reservoir Dogs","word","word_25",44.65
"Reservoir Dogs","word","word_24",44.9
"Reservoir Dogs","word","word_30",45.26
"Reservoir Dogs","word","word_17",45.4
"Reservoir Dogs","word","word_30",46.48
"Reservoir Dogs","word","word_24",46.53
"Reservoir Dogs","word","word_30",46.65
"Reservoir Dogs","word","word_30",46.66
"Reservoir Dogs","word","word_24",47.5
"Reservoir Dogs","word","word_30",47.51
"Reservoir Dogs","word","word_30",47.55
"Reservoir Dogs","word","word_30",47.7
"Reservoir Dogs","word","word_30",47.71
"Reservoir Dogs","word","word_30",47.73
"Reservoir Dogs","word","word_30",47.75
"Reservoir Dogs","word","word_30",47.8
"Reservoir Dogs","word","word_30",47.88
"Reservoir Dogs","word","word_51",47.98
"Reservoir Dogs","word","word_30",48.08
"Reservoir Dogs","word","word_11",48.15
"Reservoir Dogs","word","word_24",48.16
"Reservoir Dogs","word","word_30",48.25
"Reservoir Dogs","word","word_30",48.26
"Reservoir Dogs","word","word_37",48.31
"Reservoir Dogs","word","word_30",48.38
"Reservoir Dogs","word","word_30",48.48
"Reservoir Dogs","word","word_6",48.48
"Reservoir Dogs","word","word_5",48.51
"Reservoir Dogs","word","word_30",48.55
"Reservoir Dogs","word","word_30",48.56
"Reservoir Dogs","word","word_30",48.58
"Reservoir Dogs","word","word_30",48.61
"Reservoir Dogs","word","word_30",48.78
"Reservoir Dogs","word","word_30",48.98
"Reservoir Dogs","word","word_30",49.06
"Reservoir Dogs","word","word_30",49.15
"Reservoir Dogs","word","word_7",49.61
"Reservoir Dogs","word","word_24",49.68
"Reservoir Dogs","word","word_30",49.7
"Reservoir Dogs","word","word_33",49.75
"Reservoir Dogs","word","word_30",49.8
"Reservoir Dogs","word","word_30",49.9
"Reservoir Dogs","word","word_30",49.98
"Reservoir Dogs","word","word_30",50.51
"Reservoir Dogs","word","word_7",50.68
"Reservoir Dogs","word","word_30",50.76
"Reservoir Dogs","word","word_45",50.91
"Reservoir Dogs","word","word_30",51.08
"Reservoir Dogs","word","word_30",51.36
"Reservoir Dogs","word","word_30",51.51
"Reservoir Dogs","word","word_24",51.88
"Reservoir Dogs","word","word_30",51.98
"Reservoir Dogs","word","word_30",53.28
"Reservoir Dogs","word","word_51",53.43
"Reservoir Dogs","word","word_9",53.93
"Reservoir Dogs","word","word_11",54.25
"Reservoir Dogs","word","word_24",54.3
"Reservoir Dogs","word","word_24",56.73
"Reservoir Dogs","death","word_1",59.93
"Reservoir Dogs","word","word_51",61
"Reservoir Dogs","word","word_51",62.15
"Reservoir Dogs","word","word_24",62.28
"Reservoir Dogs","word","word_24",62.83
"Reservoir Dogs","word","word_24",62.91
"Reservoir Dogs","word","word_30",62.95
"Reservoir Dogs","word","word_7",62.95
"Reservoir Dogs","word","word_24",63.15
"Reservoir Dogs","word","word_30",63.21
"Reservoir Dogs","word","word_30",63.26
"Reservoir Dogs","word","word_30",63.3
"Reservoir Dogs","word","word_24",63.33
"Reservoir Dogs","word","word_24",63.35
"Reservoir Dogs","word","word_30",63.38
"Reservoir Dogs","word","word_30",62.41
"Reservoir Dogs","word","word_50",63.81
"Reservoir Dogs","word","word_30",63.91
"Reservoir Dogs","word","word_45",64.31
"Reservoir Dogs","word","word_2",64.46
"Reservoir Dogs","word","word_33",64.75
"Reservoir Dogs","word","word_30",64.76
"Reservoir Dogs","word","word_45",65.15
"Reservoir Dogs","word","word_2",65.65
"Reservoir Dogs","word","word_18",65.73
"Reservoir Dogs","word","word_45",65.76
"Reservoir Dogs","word","word_2",65.76
"Reservoir Dogs","word","word_30",66.05
"Reservoir Dogs","word","word_30",66.35
"Reservoir Dogs","word","word_30",66.36
"Reservoir Dogs","word","word_30",66.46
"Reservoir Dogs","word","word_30",66.5
"Reservoir Dogs","word","word_2",66.5
"Reservoir Dogs","word","word_37",66.96
"Reservoir Dogs","word","word_11",67.03
"Reservoir Dogs","word","word_30",67.21
"Reservoir Dogs","word","word_30",67.28
"Reservoir Dogs","word","word_51",67.3
"Reservoir Dogs","word","word_30",67.48
"Reservoir Dogs","word","word_51",67.88
"Reservoir Dogs","word","word_45",68.01
"Reservoir Dogs","word","word_30",68.66
"Reservoir Dogs","word","word_30",69.25
"Reservoir Dogs","word","word_24",69.28
"Reservoir Dogs","word","word_51",69.3
"Reservoir Dogs","word","word_9",69.31
"Reservoir Dogs","word","word_51",69.35
"Reservoir Dogs","word","word_2",69.46
"Reservoir Dogs","word","word_30",69.48
"Reservoir Dogs","word","word_30",69.51
"Reservoir Dogs","word","word_30",69.53
"Reservoir Dogs","word","word_45",69.61
"Reservoir Dogs","word","word_51",69.78
"Reservoir Dogs","word","word_30",69.86
"Reservoir Dogs","word","word_2",69.88
"Reservoir Dogs","word","word_30",70.06
"Reservoir Dogs","word","word_30",71.63
"Reservoir Dogs","word","word_24",71.95
"Reservoir Dogs","word","word_30",72.16
"Reservoir Dogs","word","word_30",72.4
"Reservoir Dogs","word","word_5",72.58
"Reservoir Dogs","word","word_30",72.61
"Reservoir Dogs","word","word_30",72.95
"Reservoir Dogs","word","word_9",73.05
"Reservoir Dogs","word","word_30",73.28
"Reservoir Dogs","word","word_30",73.36
"Reservoir Dogs","word","word_51",74.01
"Reservoir Dogs","word","word_51",74.05
"Reservoir Dogs","word","word_9",74.4
"Reservoir Dogs","word","word_51",74.43
"Reservoir Dogs","word","word_45",74.5
"Reservoir Dogs","word","word_50",76.13
"Reservoir Dogs","word","word_51",76.2
"Reservoir Dogs","word","word_30",76.28
"Reservoir Dogs","word","word_30",76.3
"Reservoir Dogs","word","word_9",77.05
"Reservoir Dogs","word","word_9",77.06
"Reservoir Dogs","word","word_24",77.13
"Reservoir Dogs","word","word_48",77.25
"Reservoir Dogs","word","word_51",77.28
"Reservoir Dogs","word","word_48",77.33
"Reservoir Dogs","word","word_2",77.35
"Reservoir Dogs","word","word_10",77.36
"Reservoir Dogs","word","word_24",77.4
"Reservoir Dogs","word","word_30",78.01
"Reservoir Dogs","word","word_24",78.55
"Reservoir Dogs","word","word_30",78.6
"Reservoir Dogs","word","word_61",78.95
"Reservoir Dogs","word","word_51",79.1
"Reservoir Dogs","word","word_30",79.11
"Reservoir Dogs","word","word_51",79.36
"Reservoir Dogs","word","word_30",79.4
"Reservoir Dogs","word","word_19",79.48
"Reservoir Dogs","word","word_19",79.51
"Reservoir Dogs","word","word_30",79.83
"Reservoir Dogs","word","word_24",80.18
"Reservoir Dogs","word","word_11",80.31
"Reservoir Dogs","word","word_30",80.46
"Reservoir Dogs","word","word_37",80.65
"Reservoir Dogs","word","word_23",81.65
"Reservoir Dogs","word","word_51",82.05
"Reservoir Dogs","word","word_50",82.08
"Reservoir Dogs","word","word_33",82.48
"Reservoir Dogs","word","word_30",82.5
"Reservoir Dogs","word","word_30",82.73
"Reservoir Dogs","word","word_33",82.9
"Reservoir Dogs","word","word_33",82.96
"Reservoir Dogs","word","word_2",83.86
"Reservoir Dogs","word","word_30",84.16
"Reservoir Dogs","word","word_51",84.16
"Reservoir Dogs","word","word_9",84.21
"Reservoir Dogs","word","word_24",84.3
"Reservoir Dogs","word","word_24",84.4
"Reservoir Dogs","word","word_9",84.5
"Reservoir Dogs","word","word_24",85.08
"Reservoir Dogs","word","word_24",85.28
"Reservoir Dogs","word","word_30",85.45
"Reservoir Dogs","death","word_1",85.58
"Reservoir Dogs","death","word_1",85.58
"Reservoir Dogs","death","word_1",85.81
"Reservoir Dogs","word","word_30",86.48
"Reservoir Dogs","death","word_1",86.55
"Reservoir Dogs","word","word_30",86.86
"Reservoir Dogs","word","word_51",86.91
"Reservoir Dogs","word","word_30",86.96
"Reservoir Dogs","word","word_51",87.06
"Reservoir Dogs","word","word_24",87.73
"Reservoir Dogs","death","word_1",88.06
"Reservoir Dogs","word","word_37",88.38
"Reservoir Dogs","word","word_51",88.45
"Reservoir Dogs","word","word_30",88.76
"Reservoir Dogs","word","word_30",89.38
"Reservoir Dogs","word","word_30",89.45
"Reservoir Dogs","word","word_30",89.48
"Reservoir Dogs","word","word_30",89.95
"Reservoir Dogs","word","word_37",90.1
"Reservoir Dogs","word","word_11",90.15
"Reservoir Dogs","word","word_37",90.3
"Reservoir Dogs","word","word_24",90.36
"Reservoir Dogs","word","word_51",90.4
"Reservoir Dogs","word","word_30",90.5
"Reservoir Dogs","word","word_30",90.75
"Reservoir Dogs","word","word_51",90.88
"Reservoir Dogs","word","word_14",90.91
"Reservoir Dogs","word","word_30",91.15
"Reservoir Dogs","word","word_30",91.35
"Reservoir Dogs","word","word_30",91.48
"Reservoir Dogs","word","word_30",91.75
"Reservoir Dogs","word","word_30",91.96
"Reservoir Dogs","word","word_30",92.01
"Reservoir Dogs","word","word_33",92.05
"Reservoir Dogs","word","word_30",92.13
"Reservoir Dogs","death","word_1",92.15
"Reservoir Dogs","death","word_1",92.15
"Reservoir Dogs","word","word_30",94.73
"Reservoir Dogs","word","word_30",94.75
"Reservoir Dogs","word","word_30",94.83
"Reservoir Dogs","word","word_30",94.9
"Reservoir Dogs","word","word_30",95.21
"Reservoir Dogs","word","word_30",95.33
"Reservoir Dogs","word","word_30",95.33
"Reservoir Dogs","death","word_1",95.4
"Reservoir Dogs","death","word_1",95.4
"Pulp Fiction","word","word_51",0.52
"Pulp Fiction","word","word_30",0.82
"Pulp Fiction","word","word_24",1.37
"Pulp Fiction","word","word_30",1.62
"Pulp Fiction","word","word_30",1.73
"Pulp Fiction","word","word_30",1.77
"Pulp Fiction","word","word_30",2.18
"Pulp Fiction","word","word_24",2.22
"Pulp Fiction","word","word_35",2.28
"Pulp Fiction","word","word_27",2.28
"Pulp Fiction","word","word_36",2.42
"Pulp Fiction","word","word_30",2.45
"Pulp Fiction","word","word_30",2.47
"Pulp Fiction","word","word_30",2.53
"Pulp Fiction","word","word_24",2.6
"Pulp Fiction","word","word_24",3.52
"Pulp Fiction","word","word_30",3.58
"Pulp Fiction","word","word_61",3.67
"Pulp Fiction","word","word_24",3.7
"Pulp Fiction","word","word_30",4.68
"Pulp Fiction","word","word_47",4.75
"Pulp Fiction","word","word_30",7.7
"Pulp Fiction","word","word_51",7.87
"Pulp Fiction","word","word_24",8.25
"Pulp Fiction","word","word_33",8.67
"Pulp Fiction","word","word_30",8.72
"Pulp Fiction","word","word_51",8.72
"Pulp Fiction","word","word_30",9.1
"Pulp Fiction","word","word_48",10.08
"Pulp Fiction","word","word_25",10.17
"Pulp Fiction","word","word_24",10.4
"Pulp Fiction","word","word_2",10.73
"Pulp Fiction","word","word_48",10.75
"Pulp Fiction","word","word_48",10.85
"Pulp Fiction","word","word_17",10.98
"Pulp Fiction","word","word_50",11.52
"Pulp Fiction","word","word_30",11.55
"Pulp Fiction","word","word_9",11.6
"Pulp Fiction","word","word_9",11.6
"Pulp Fiction","word","word_30",11.63
"Pulp Fiction","word","word_30",11.68
"Pulp Fiction","word","word_30",11.83
"Pulp Fiction","word","word_30",11.88
"Pulp Fiction","word","word_51",11.92
"Pulp Fiction","word","word_30",12.03
"Pulp Fiction","word","word_51",12.07
"Pulp Fiction","word","word_24",12.2
"Pulp Fiction","word","word_24",12.27
"Pulp Fiction","word","word_47",12.88
"Pulp Fiction","word","word_30",12.9
"Pulp Fiction","word","word_48",12.92
"Pulp Fiction","word","word_51",12.93
"Pulp Fiction","word","word_45",12.95
"Pulp Fiction","word","word_51",12.97
"Pulp Fiction","word","word_2",12.98
"Pulp Fiction","word","word_45",13
"Pulp Fiction","word","word_30",13.23
"Pulp Fiction","word","word_30",13.33
"Pulp Fiction","word","word_30",13.38
"Pulp Fiction","word","word_30",13.43
"Pulp Fiction","word","word_51",13.47
"Pulp Fiction","word","word_45",16.78
"Pulp Fiction","word","word_51",17.4
"Pulp Fiction","word","word_33",17.45
"Pulp Fiction","word","word_2",18.38
"Pulp Fiction","word","word_51",18.4
"Pulp Fiction","word","word_25",18.62
"Pulp Fiction","death","word_1",18.7
"Pulp Fiction","word","word_45",19.33
"Pulp Fiction","word","word_45",19.57
"Pulp Fiction","word","word_33",19.58
"Pulp Fiction","word","word_9",19.7
"Pulp Fiction","word","word_9",19.82
"Pulp Fiction","word","word_24",19.85
"Pulp Fiction","word","word_9",19.85
"Pulp Fiction","word","word_24",19.95
"Pulp Fiction","word","word_25",20
"Pulp Fiction","death","word_1",20.95
"Pulp Fiction","word","word_51",21.32
"Pulp Fiction","word","word_45",21.42
"Pulp Fiction","word","word_47",21.82
"Pulp Fiction","word","word_2",21.88
"Pulp Fiction","word","word_46",22.03
"Pulp Fiction","word","word_46",22.08
"Pulp Fiction","word","word_2",22.1
"Pulp Fiction","word","word_48",23.07
"Pulp Fiction","word","word_30",23.47
"Pulp Fiction","word","word_24",23.52
"Pulp Fiction","word","word_51",23.7
"Pulp Fiction","word","word_2",24.07
"Pulp Fiction","word","word_2",24.23
"Pulp Fiction","word","word_3",24.4
"Pulp Fiction","word","word_33",24.45
"Pulp Fiction","word","word_48",24.45
"Pulp Fiction","word","word_30",25.08
"Pulp Fiction","word","word_33",25.12
"Pulp Fiction","word","word_30",25.17
"Pulp Fiction","word","word_30",25.28
"Pulp Fiction","word","word_51",25.33
"Pulp Fiction","word","word_30",25.37
"Pulp Fiction","word","word_5",25.42
"Pulp Fiction","word","word_48",25.88
"Pulp Fiction","word","word_2",25.92
"Pulp Fiction","word","word_51",27.75
"Pulp Fiction","word","word_30",27.78
"Pulp Fiction","word","word_48",27.88
"Pulp Fiction","word","word_51",27.98
"Pulp Fiction","word","word_51",27.98
"Pulp Fiction","word","word_51",28.03
"Pulp Fiction","word","word_51",28.08
"Pulp Fiction","word","word_30",28.1
"Pulp Fiction","word","word_30",28.22
"Pulp Fiction","word","word_30",28.3
"Pulp Fiction","word","word_51",28.98
"Pulp Fiction","word","word_26",29.43
"Pulp Fiction","word","word_30",29.47
"Pulp Fiction","word","word_25",29.52
"Pulp Fiction","word","word_20",29.63
"Pulp Fiction","word","word_51",29.65
"Pulp Fiction","word","word_25",29.67
"Pulp Fiction","word","word_30",29.68
"Pulp Fiction","word","word_5",29.82
"Pulp Fiction","word","word_26",29.88
"Pulp Fiction","word","word_12",29.92
"Pulp Fiction","word","word_30",29.92
"Pulp Fiction","word","word_24",29.97
"Pulp Fiction","word","word_24",34.25
"Pulp Fiction","word","word_37",37.02
"Pulp Fiction","word","word_37",37.03
"Pulp Fiction","word","word_33",41.05
"Pulp Fiction","word","word_30",41.05
"Pulp Fiction","word","word_30",41.12
"Pulp Fiction","word","word_11",41.9
"Pulp Fiction","word","word_24",42.1
"Pulp Fiction","word","word_33",42.98
"Pulp Fiction","word","word_33",43
"Pulp Fiction","word","word_33",43.03
"Pulp Fiction","word","word_30",54.58
"Pulp Fiction","word","word_24",54.63
"Pulp Fiction","word","word_24",54.67
"Pulp Fiction","word","word_24",54.68
"Pulp Fiction","word","word_30",54.97
"Pulp Fiction","word","word_24",55
"Pulp Fiction","word","word_24",55.48
"Pulp Fiction","word","word_33",55.75
"Pulp Fiction","word","word_30",55.83
"Pulp Fiction","word","word_6",55.83
"Pulp Fiction","word","word_30",55.93
"Pulp Fiction","word","word_5",55.93
"Pulp Fiction","word","word_30",56.1
"Pulp Fiction","word","word_30",56.22
"Pulp Fiction","word","word_30",56.28
"Pulp Fiction","word","word_25",56.32
"Pulp Fiction","word","word_30",56.38
"Pulp Fiction","word","word_30",56.45
"Pulp Fiction","word","word_30",56.53
"Pulp Fiction","word","word_25",56.55
"Pulp Fiction","word","word_30",56.55
"Pulp Fiction","word","word_37",56.92
"Pulp Fiction","word","word_30",56.98
"Pulp Fiction","word","word_51",57.02
"Pulp Fiction","word","word_24",57.03
"Pulp Fiction","word","word_30",57.05
"Pulp Fiction","word","word_25",57.12
"Pulp Fiction","word","word_9",57.12
"Pulp Fiction","word","word_25",57.17
"Pulp Fiction","word","word_9",57.18
"Pulp Fiction","word","word_30",57.25
"Pulp Fiction","word","word_30",57.38
"Pulp Fiction","word","word_51",57.45
"Pulp Fiction","word","word_51",57.57
"Pulp Fiction","word","word_33",57.62
"Pulp Fiction","word","word_24",57.63
"Pulp Fiction","word","word_37",57.82
"Pulp Fiction","word","word_30",57.85
"Pulp Fiction","word","word_24",57.85
"Pulp Fiction","word","word_24",57.87
"Pulp Fiction","word","word_30",57.88
"Pulp Fiction","word","word_9",57.9
"Pulp Fiction","word","word_24",57.98
"Pulp Fiction","word","word_30",58.15
"Pulp Fiction","word","word_30",58.48
"Pulp Fiction","word","word_24",58.87
"Pulp Fiction","word","word_30",58.88
"Pulp Fiction","word","word_30",59.05
"Pulp Fiction","word","word_30",59.27
"Pulp Fiction","word","word_24",59.32
"Pulp Fiction","word","word_9",59.65
"Pulp Fiction","word","word_30",59.97
"Pulp Fiction","word","word_30",60.15
"Pulp Fiction","word","word_30",60.93
"Pulp Fiction","word","word_37",64.47
"Pulp Fiction","word","word_36",67.33
"Pulp Fiction","word","word_18",67.5
"Pulp Fiction","word","word_58",67.5
"Pulp Fiction","word","word_2",67.6
"Pulp Fiction","word","word_2",67.67
"Pulp Fiction","word","word_2",67.78
"Pulp Fiction","word","word_2",70.3
"Pulp Fiction","word","word_2",70.38
"Pulp Fiction","word","word_33",70.4
"Pulp Fiction","word","word_45",70.5
"Pulp Fiction","word","word_48",70.55
"Pulp Fiction","word","word_2",70.6
"Pulp Fiction","word","word_51",72.98
"Pulp Fiction","word","word_24",73.78
"Pulp Fiction","word","word_24",73.92
"Pulp Fiction","word","word_30",74.02
"Pulp Fiction","word","word_24",74.12
"Pulp Fiction","word","word_24",74.45
"Pulp Fiction","word","word_33",74.72
"Pulp Fiction","word","word_17",77.47
"Pulp Fiction","word","word_29",80.7
"Pulp Fiction","word","word_44",82.75
"Pulp Fiction","word","word_30",84.95
"Pulp Fiction","word","word_24",84.95
"Pulp Fiction","word","word_24",85.28
"Pulp Fiction","word","word_30",85.42
"Pulp Fiction","word","word_51",85.58
"Pulp Fiction","word","word_30",85.65
"Pulp Fiction","word","word_24",85.78
"Pulp Fiction","word","word_24",86.03
"Pulp Fiction","word","word_24",86.03
"Pulp Fiction","word","word_24",86.05
"Pulp Fiction","word","word_45",86.07
"Pulp Fiction","word","word_24",86.1
"Pulp Fiction","word","word_30",86.15
"Pulp Fiction","word","word_30",86.15
"Pulp Fiction","word","word_24",86.8
"Pulp Fiction","word","word_51",88.03
"Pulp Fiction","word","word_30",88.05
"Pulp Fiction","word","word_30",88.07
"Pulp Fiction","death","word_1",91.75
"Pulp Fiction","word","word_45",94.7
"Pulp Fiction","word","word_18",95.35
"Pulp Fiction","word","word_24",96.08
"Pulp Fiction","word","word_45",96.2
"Pulp Fiction","word","word_30",96.32
"Pulp Fiction","word","word_51",96.33
"Pulp Fiction","word","word_47",96.45
"Pulp Fiction","word","word_33",96.5
"Pulp Fiction","word","word_48",96.78
"Pulp Fiction","word","word_48",100.53
"Pulp Fiction","word","word_33",102.35
"Pulp Fiction","word","word_33",102.38
"Pulp Fiction","word","word_26",102.63
"Pulp Fiction","word","word_45",102.67
"Pulp Fiction","word","word_45",103.35
"Pulp Fiction","word","word_24",103.93
"Pulp Fiction","word","word_24",104.88
"Pulp Fiction","word","word_24",104.95
"Pulp Fiction","death","word_1",105.45
"Pulp Fiction","word","word_24",106.4
"Pulp Fiction","word","word_30",106.62
"Pulp Fiction","word","word_48",107.08
"Pulp Fiction","word","word_17",107.33
"Pulp Fiction","word","word_2",107.37
"Pulp Fiction","word","word_2",108.22
"Pulp Fiction","word","word_2",108.73
"Pulp Fiction","word","word_51",109.97
"Pulp Fiction","word","word_24",110
"Pulp Fiction","word","word_30",110.7
"Pulp Fiction","word","word_30",111.15
"Pulp Fiction","word","word_24",111.73
"Pulp Fiction","word","word_25",111.78
"Pulp Fiction","death","word_1",112.73
"Pulp Fiction","word","word_25",112.87
"Pulp Fiction","word","word_25",112.87
"Pulp Fiction","word","word_24",112.88
"Pulp Fiction","word","word_33",112.95
"Pulp Fiction","word","word_17",112.97
"Pulp Fiction","word","word_24",112.98
"Pulp Fiction","word","word_51",113.08
"Pulp Fiction","word","word_46",113.13
"Pulp Fiction","death","word_1",113.37
"Pulp Fiction","word","word_24",113.65
"Pulp Fiction","word","word_33",113.75
"Pulp Fiction","word","word_30",113.93
"Pulp Fiction","word","word_51",114.03
"Pulp Fiction","word","word_47",114.43
"Pulp Fiction","word","word_30",114.52
"Pulp Fiction","word","word_51",114.53
"Pulp Fiction","word","word_30",114.57
"Pulp Fiction","word","word_51",114.6
"Pulp Fiction","word","word_51",114.63
"Pulp Fiction","word","word_30",114.75
"Pulp Fiction","word","word_30",114.85
"Pulp Fiction","word","word_48",115.08
"Pulp Fiction","word","word_51",115.12
"Pulp Fiction","word","word_30",115.53
"Pulp Fiction","word","word_24",115.55
"Pulp Fiction","word","word_2",115.63
"Pulp Fiction","word","word_33",115.68
"Pulp Fiction","word","word_30",115.72
"Pulp Fiction","word","word_2",115.87
"Pulp Fiction","word","word_17",115.88
"Pulp Fiction","death","word_1",116.08
"Pulp Fiction","word","word_24",116.1
"Pulp Fiction","word","word_51",116.12
"Pulp Fiction","word","word_24",116.17
"Pulp Fiction","word","word_2",116.23
"Pulp Fiction","word","word_51",116.23
"Pulp Fiction","word","word_47",116.33
"Pulp Fiction","word","word_9",116.38
"Pulp Fiction","word","word_30",116.42
"Pulp Fiction","word","word_45",116.5
"Pulp Fiction","word","word_51",116.55
"Pulp Fiction","word","word_30",116.57
"Pulp Fiction","word","word_30",116.67
"Pulp Fiction","word","word_51",116.7
"Pulp Fiction","word","word_2",116.83
"Pulp Fiction","word","word_24",116.85
"Pulp Fiction","word","word_30",117.02
"Pulp Fiction","word","word_51",117.02
"Pulp Fiction","word","word_30",117.13
"Pulp Fiction","word","word_3",117.18
"Pulp Fiction","word","word_51",117.52
"Pulp Fiction","word","word_51",117.53
"Pulp Fiction","word","word_51",117.6
"Pulp Fiction","word","word_2",117.63
"Pulp Fiction","word","word_24",117.65
"Pulp Fiction","word","word_48",117.65
"Pulp Fiction","word","word_24",117.67
"Pulp Fiction","word","word_51",117.78
"Pulp Fiction","word","word_30",117.87
"Pulp Fiction","word","word_33",117.9
"Pulp Fiction","word","word_51",117.98
"Pulp Fiction","word","word_33",118.4
"Pulp Fiction","word","word_51",118.45
"Pulp Fiction","word","word_51",118.58
"Pulp Fiction","word","word_30",118.68
"Pulp Fiction","word","word_51",118.77
"Pulp Fiction","word","word_48",118.92
"Pulp Fiction","word","word_48",119.07
"Pulp Fiction","word","word_51",119.12
"Pulp Fiction","word","word_48",119.17
"Pulp Fiction","word","word_48",119.3
"Pulp Fiction","word","word_30",119.32
"Pulp Fiction","word","word_45",119.37
"Pulp Fiction","word","word_30",119.4
"Pulp Fiction","word","word_30",119.52
"Pulp Fiction","word","word_30",119.57
"Pulp Fiction","word","word_30",119.72
"Pulp Fiction","word","word_30",119.77
"Pulp Fiction","word","word_24",120.12
"Pulp Fiction","word","word_24",120.18
"Pulp Fiction","word","word_51",120.18
"Pulp Fiction","word","word_24",120.25
"Pulp Fiction","word","word_51",120.25
"Pulp Fiction","word","word_30",120.27
"Pulp Fiction","word","word_51",120.27
"Pulp Fiction","word","word_24",120.3
"Pulp Fiction","word","word_51",120.3
"Pulp Fiction","word","word_30",120.55
"Pulp Fiction","word","word_51",120.55
"Pulp Fiction","word","word_51",120.83
"Pulp Fiction","word","word_47",121.03
"Pulp Fiction","word","word_2",121.07
"Pulp Fiction","word","word_45",121.12
"Pulp Fiction","word","word_48",121.13
"Pulp Fiction","word","word_45",121.27
"Pulp Fiction","word","word_48",121.32
"Pulp Fiction","word","word_45",121.45
"Pulp Fiction","word","word_51",121.47
"Pulp Fiction","word","word_45",123.85
"Pulp Fiction","word","word_30",125.57
"Pulp Fiction","word","word_30",126
"Pulp Fiction","word","word_2",128
"Pulp Fiction","word","word_51",128
"Pulp Fiction","word","word_25",128.03
"Pulp Fiction","word","word_51",128.03
"Pulp Fiction","word","word_24",128.17
"Pulp Fiction","word","word_51",128.18
"Pulp Fiction","word","word_45",128.2
"Pulp Fiction","word","word_51",128.22
"Pulp Fiction","word","word_2",128.27
"Pulp Fiction","word","word_30",128.35
"Pulp Fiction","word","word_30",128.4
"Pulp Fiction","word","word_30",128.43
"Pulp Fiction","word","word_45",128.53
"Pulp Fiction","word","word_45",128.53
"Pulp Fiction","word","word_24",128.67
"Pulp Fiction","word","word_45",128.68
"Pulp Fiction","word","word_30",128.73
"Pulp Fiction","word","word_48",128.78
"Pulp Fiction","word","word_21",129.12
"Pulp Fiction","word","word_51",129.52
"Pulp Fiction","word","word_2",129.33
"Pulp Fiction","word","word_33",129.5
"Pulp Fiction","word","word_51",129.83
"Pulp Fiction","word","word_33",130.08
"Pulp Fiction","word","word_30",130.1
"Pulp Fiction","word","word_24",130.22
"Pulp Fiction","word","word_24",130.22
"Pulp Fiction","word","word_17",130.25
"Pulp Fiction","word","word_33",130.3
"Pulp Fiction","word","word_45",130.9
"Pulp Fiction","word","word_30",131.5
"Pulp Fiction","word","word_51",131.57
"Pulp Fiction","word","word_30",131.85
"Pulp Fiction","word","word_30",133.48
"Pulp Fiction","word","word_30",133.55
"Pulp Fiction","word","word_30",133.63
"Pulp Fiction","word","word_46",134
"Pulp Fiction","word","word_51",134.05
"Pulp Fiction","word","word_47",134.55
"Pulp Fiction","word","word_51",134.85
"Pulp Fiction","word","word_51",135.35
"Pulp Fiction","word","word_51",135.38
"Pulp Fiction","word","word_30",135.47
"Pulp Fiction","word","word_51",135.48
"Pulp Fiction","word","word_30",135.77
"Pulp Fiction","word","word_24",135.93
"Pulp Fiction","word","word_51",136.6
"Pulp Fiction","word","word_30",136.8
"Pulp Fiction","word","word_30",137.05
"Pulp Fiction","word","word_51",137.22
"Pulp Fiction","word","word_24",137.57
"Pulp Fiction","word","word_30",137.93
"Pulp Fiction","word","word_46",138
"Pulp Fiction","word","word_24",138.1
"Pulp Fiction","word","word_30",138.22
"Pulp Fiction","word","word_24",138.23
"Pulp Fiction","word","word_24",138.28
"Pulp Fiction","word","word_30",138.3
"Pulp Fiction","word","word_30",138.33
"Pulp Fiction","word","word_30",138.37
"Pulp Fiction","word","word_24",138.43
"Pulp Fiction","word","word_30",138.48
"Pulp Fiction","word","word_30",138.65
"Pulp Fiction","word","word_30",138.68
"Pulp Fiction","word","word_24",138.87
"Pulp Fiction","word","word_30",139
"Pulp Fiction","word","word_24",139.23
"Pulp Fiction","word","word_30",139.53
"Pulp Fiction","word","word_30",139.6
"Pulp Fiction","word","word_30",139.75
"Pulp Fiction","word","word_30",139.85
"Pulp Fiction","word","word_30",139.97
"Pulp Fiction","word","word_24",140.05
"Pulp Fiction","word","word_51",140.72
"Pulp Fiction","word","word_30",141.05
"Pulp Fiction","word","word_24",141.15
"Pulp Fiction","word","word_33",141.18
"Pulp Fiction","word","word_30",141.43
"Pulp Fiction","word","word_33",142.23
"Pulp Fiction","word","word_9",142.37
"Pulp Fiction","word","word_9",142.4
"Pulp Fiction","word","word_9",142.42
"Pulp Fiction","word","word_30",142.45
"Pulp Fiction","word","word_9",142.45
"Pulp Fiction","word","word_30",142.5
"Pulp Fiction","word","word_9",142.5
"Pulp Fiction","word","word_46",143.77
"Pulp Fiction","word","word_46",143.8
"Pulp Fiction","word","word_3",144.25
"Pulp Fiction","word","word_30",144.27
"Pulp Fiction","word","word_51",144.3
"Pulp Fiction","word","word_51",144.48
"Pulp Fiction","word","word_2",144.53
"Pulp Fiction","word","word_33",144.82
"Pulp Fiction","word","word_45",145.38
"Pulp Fiction","word","word_45",145.68
"Pulp Fiction","word","word_30",146.23
"Pulp Fiction","word","word_33",146.3
"Pulp Fiction","word","word_47",146.32
"Pulp Fiction","word","word_24",146.35
"Pulp Fiction","word","word_2",146.67
"Pulp Fiction","word","word_51",147.43
"Pulp Fiction","word","word_2",147.48
"Pulp Fiction","word","word_51",147.58
"Pulp Fiction","word","word_45",147.6
"Pulp Fiction","word","word_2",147.62
"Pulp Fiction","word","word_51",147.65
"Pulp Fiction","word","word_2",147.9
"Pulp Fiction","word","word_51",148.15
"Kill Bill: Vol. 1","word","word_9",7.12
"Kill Bill: Vol. 1","word","word_2",8.1
"Kill Bill: Vol. 1","word","word_17",8.12
"Kill Bill: Vol. 1","word","word_9",10.45
"Kill Bill: Vol. 1","word","word_51",10.5
"Kill Bill: Vol. 1","word","word_25",10.95
"Kill Bill: Vol. 1","word","word_25",10.98
"Kill Bill: Vol. 1","word","word_9",11.87
"Kill Bill: Vol. 1","word","word_33",12.17
"Kill Bill: Vol. 1","word","word_30",12.17
"Kill Bill: Vol. 1","word","word_9",12.48
"Kill Bill: Vol. 1","word","word_24",13.07
"Kill Bill: Vol. 1","word","word_9",13.08
"Kill Bill: Vol. 1","word","word_51",13.13
"Kill Bill: Vol. 1","word","word_47",13.18
"Kill Bill: Vol. 1","word","word_2",13.18
"Kill Bill: Vol. 1","word","word_47",13.28
"Kill Bill: Vol. 1","word","word_9",13.42
"Kill Bill: Vol. 1","death","word_1",13.53
"Kill Bill: Vol. 1","word","word_33",17.2
"Kill Bill: Vol. 1","word","word_37",17.58
"Kill Bill: Vol. 1","word","word_33",18.02
"Kill Bill: Vol. 1","word","word_51",18.07
"Kill Bill: Vol. 1","word","word_33",19.32
"Kill Bill: Vol. 1","word","word_14",19.73
"Kill Bill: Vol. 1","word","word_24",22.93
"Kill Bill: Vol. 1","word","word_51",23.4
"Kill Bill: Vol. 1","word","word_51",23.45
"Kill Bill: Vol. 1","word","word_30",25.02
"Kill Bill: Vol. 1","word","word_52",25.12
"Kill Bill: Vol. 1","word","word_24",28.03
"Kill Bill: Vol. 1","word","word_15",28.43
"Kill Bill: Vol. 1","word","word_51",28.88
"Kill Bill: Vol. 1","word","word_33",29.37
"Kill Bill: Vol. 1","death","word_1",29.75
"Kill Bill: Vol. 1","word","word_11",31.07
"Kill Bill: Vol. 1","word","word_51",31.32
"Kill Bill: Vol. 1","word","word_24",31.42
"Kill Bill: Vol. 1","word","word_24",31.6
"Kill Bill: Vol. 1","death","word_1",31.68
"Kill Bill: Vol. 1","word","word_50",32.12
"Kill Bill: Vol. 1","word","word_26",32.15
"Kill Bill: Vol. 1","word","word_16",35.15
"Kill Bill: Vol. 1","word","word_21",35.22
"Kill Bill: Vol. 1","death","word_1",37.65
"Kill Bill: Vol. 1","death","word_1",39.57
"Kill Bill: Vol. 1","death","word_1",41.03
"Kill Bill: Vol. 1","death","word_1",42.57
"Kill Bill: Vol. 1","death","word_1",42.77
"Kill Bill: Vol. 1","death","word_1",43.48
"Kill Bill: Vol. 1","word","word_51",46.45
"Kill Bill: Vol. 1","word","word_7",46.47
"Kill Bill: Vol. 1","word","word_2",46.63
"Kill Bill: Vol. 1","word","word_33",47.97
"Kill Bill: Vol. 1","word","word_37",48.03
"Kill Bill: Vol. 1","word","word_17",48.6
"Kill Bill: Vol. 1","death","word_1",60.57
"Kill Bill: Vol. 1","word","word_7",62.33
"Kill Bill: Vol. 1","word","word_28",62.35
"Kill Bill: Vol. 1","word","word_9",62.87
"Kill Bill: Vol. 1","death","word_1",62.97
"Kill Bill: Vol. 1","word","word_30",64.2
"Kill Bill: Vol. 1","word","word_26",64.23
"Kill Bill: Vol. 1","word","word_10",64.32
"Kill Bill: Vol. 1","word","word_30",64.38
"Kill Bill: Vol. 1","word","word_33",73.48
"Kill Bill: Vol. 1","death","word_1",75.77
"Kill Bill: Vol. 1","death","word_1",76.02
"Kill Bill: Vol. 1","death","word_1",76.02
"Kill Bill: Vol. 1","death","word_1",76.02
"Kill Bill: Vol. 1","death","word_1",76.48
"Kill Bill: Vol. 1","death","word_1",77.02
"Kill Bill: Vol. 1","death","word_1",80.32
"Kill Bill: Vol. 1","death","word_1",82.95
"Kill Bill: Vol. 1","death","word_1",82.98
"Kill Bill: Vol. 1","death","word_1",83
"Kill Bill: Vol. 1","death","word_1",83.03
"Kill Bill: Vol. 1","death","word_1",83.05
"Kill Bill: Vol. 1","death","word_1",83.05
"Kill Bill: Vol. 1","death","word_1",83.05
"Kill Bill: Vol. 1","death","word_1",83.08
"Kill Bill: Vol. 1","death","word_1",83.12
"Kill Bill: Vol. 1","death","word_1",83.18
"Kill Bill: Vol. 1","death","word_1",83.38
"Kill Bill: Vol. 1","death","word_1",83.42
"Kill Bill: Vol. 1","death","word_1",83.48
"Kill Bill: Vol. 1","death","word_1",83.65
"Kill Bill: Vol. 1","death","word_1",83.72
"Kill Bill: Vol. 1","death","word_1",83.83
"Kill Bill: Vol. 1","death","word_1",83.88
"Kill Bill: Vol. 1","death","word_1",83.93
"Kill Bill: Vol. 1","death","word_1",84.05
"Kill Bill: Vol. 1","death","word_1",84.18
"Kill Bill: Vol. 1","death","word_1",84.23
"Kill Bill: Vol. 1","death","word_1",84.27
"Kill Bill: Vol. 1","death","word_1",84.58
"Kill Bill: Vol. 1","death","word_1",84.92
"Kill Bill: Vol. 1","death","word_1",84.92
"Kill Bill: Vol. 1","death","word_1",85
"Kill Bill: Vol. 1","death","word_1",85.08
"Kill Bill: Vol. 1","death","word_1",85.1
"Kill Bill: Vol. 1","death","word_1",85.2
"Kill Bill: Vol. 1","death","word_1",85.25
"Kill Bill: Vol. 1","death","word_1",85.25
"Kill Bill: Vol. 1","death","word_1",85.28
"Kill Bill: Vol. 1","death","word_1",85.38
"Kill Bill: Vol. 1","death","word_1",85.47
"Kill Bill: Vol. 1","death","word_1",85.98
"Kill Bill: Vol. 1","death","word_1",86.05
"Kill Bill: Vol. 1","death","word_1",86.15
"Kill Bill: Vol. 1","death","word_1",86.2
"Kill Bill: Vol. 1","death","word_1",86.27
"Kill Bill: Vol. 1","death","word_1",86.35
"Kill Bill: Vol. 1","death","word_1",86.4
"Kill Bill: Vol. 1","death","word_1",87.52
"Kill Bill: Vol. 1","death","word_1",87.63
"Kill Bill: Vol. 1","word","word_30",88.18
"Kill Bill: Vol. 1","death","word_1",88.95
"Kill Bill: Vol. 1","death","word_1",97.6
"Kill Bill: Vol. 1","word","word_37",100.1
"Kill Bill: Vol. 2","word","word_37",1.18
"Kill Bill: Vol. 2","word","word_9",4.83
"Kill Bill: Vol. 2","word","word_2",9.02
"Kill Bill: Vol. 2","word","word_13",9.62
"Kill Bill: Vol. 2","word","word_33",11.38
"Kill Bill: Vol. 2","word","word_17",12.82
"Kill Bill: Vol. 2","death","word_1",14.38
"Kill Bill: Vol. 2","death","word_1",14.38
"Kill Bill: Vol. 2","death","word_1",14.38
"Kill Bill: Vol. 2","death","word_1",14.38
"Kill Bill: Vol. 2","death","word_1",14.38
"Kill Bill: Vol. 2","death","word_1",14.38
"Kill Bill: Vol. 2","death","word_1",14.38
"Kill Bill: Vol. 2","death","word_1",14.38
"Kill Bill: Vol. 2","death","word_1",14.38
"Kill Bill: Vol. 2","word","word_42",15.53
"Kill Bill: Vol. 2","word","word_43",17.33
"Kill Bill: Vol. 2","word","word_30",18.7
"Kill Bill: Vol. 2","word","word_2",18.72
"Kill Bill: Vol. 2","word","word_30",19.37
"Kill Bill: Vol. 2","word","word_5",20.17
"Kill Bill: Vol. 2","word","word_30",20.3
"Kill Bill: Vol. 2","word","word_30",20.57
"Kill Bill: Vol. 2","word","word_30",20.98
"Kill Bill: Vol. 2","word","word_30",21.37
"Kill Bill: Vol. 2","word","word_30",21.42
"Kill Bill: Vol. 2","word","word_30",21.52
"Kill Bill: Vol. 2","word","word_51",21.8
"Kill Bill: Vol. 2","word","word_57",22.5
"Kill Bill: Vol. 2","word","word_2",26.62
"Kill Bill: Vol. 2","word","word_51",27.03
"Kill Bill: Vol. 2","word","word_9",28.93
"Kill Bill: Vol. 2","word","word_2",29.92
"Kill Bill: Vol. 2","word","word_17",30.47
"Kill Bill: Vol. 2","word","word_9",33.02
"Kill Bill: Vol. 2","word","word_50",33.15
"Kill Bill: Vol. 2","word","word_50",33.23
"Kill Bill: Vol. 2","word","word_2",34.6
"Kill Bill: Vol. 2","word","word_33",34.7
"Kill Bill: Vol. 2","word","word_30",34.77
"Kill Bill: Vol. 2","word","word_8",44.12
"Kill Bill: Vol. 2","word","word_26",44.65
"Kill Bill: Vol. 2","word","word_2",47.13
"Kill Bill: Vol. 2","word","word_33",49.2
"Kill Bill: Vol. 2","word","word_42",49.2
"Kill Bill: Vol. 2","word","word_33",50.93
"Kill Bill: Vol. 2","word","word_25",65.67
"Kill Bill: Vol. 2","word","word_38",68.4
"Kill Bill: Vol. 2","word","word_51",72.45
"Kill Bill: Vol. 2","death","word_1",72.67
"Kill Bill: Vol. 2","word","word_9",78.9
"Kill Bill: Vol. 2","word","word_30",79.88
"Kill Bill: Vol. 2","word","word_9",79.88
"Kill Bill: Vol. 2","word","word_30",79.93
"Kill Bill: Vol. 2","word","word_24",79.93
"Kill Bill: Vol. 2","word","word_30",80.28
"Kill Bill: Vol. 2","word","word_30",80.63
"Kill Bill: Vol. 2","word","word_51",80.75
"Kill Bill: Vol. 2","word","word_50",85.35
"Kill Bill: Vol. 2","word","word_50",85.4
"Kill Bill: Vol. 2","word","word_30",102.12
"Kill Bill: Vol. 2","word","word_33",103.23
"Kill Bill: Vol. 2","word","word_24",103.28
"Kill Bill: Vol. 2","word","word_51",104.63
"Kill Bill: Vol. 2","word","word_2",107.43
"Kill Bill: Vol. 2","word","word_24",110.23
"Kill Bill: Vol. 2","word","word_30",110.93
"Kill Bill: Vol. 2","word","word_9",110.97
"Kill Bill: Vol. 2","word","word_30",111.05
"Kill Bill: Vol. 2","word","word_11",111.58
"Kill Bill: Vol. 2","word","word_53",111.92
"Kill Bill: Vol. 2","word","word_30",112.52
"Kill Bill: Vol. 2","word","word_51",112.52
"Kill Bill: Vol. 2","word","word_30",116.28
"Kill Bill: Vol. 2","word","word_6",116.28
"Kill Bill: Vol. 2","word","word_30",116.57
"Kill Bill: Vol. 2","word","word_7",117.25
"Kill Bill: Vol. 2","word","word_7",117.35
"Kill Bill: Vol. 2","word","word_15",119.58
"Kill Bill: Vol. 2","death","word_1",121.12
"Inglorious Basterds","death","word_1",20.35
"Inglorious Basterds","death","word_1",20.35
"Inglorious Basterds","death","word_1",20.35
"Inglorious Basterds","death","word_1",20.35
"Inglorious Basterds","word","word_37",22.2
"Inglorious Basterds","word","word_33",22.22
"Inglorious Basterds","word","word_30",22.32
"Inglorious Basterds","word","word_9",22.55
"Inglorious Basterds","death","word_1",28.57
"Inglorious Basterds","death","word_1",28.63
"Inglorious Basterds","death","word_1",28.8
"Inglorious Basterds","death","word_1",29.07
"Inglorious Basterds","death","word_1",29.22
"Inglorious Basterds","death","word_1",29.23
"Inglorious Basterds","death","word_1",29.25
"Inglorious Basterds","death","word_1",29.93
"Inglorious Basterds","word","word_30",30.93
"Inglorious Basterds","word","word_33",31.05
"Inglorious Basterds","word","word_33",32.52
"Inglorious Basterds","word","word_2",32.65
"Inglorious Basterds","word","word_24",32.97
"Inglorious Basterds","death","word_1",34.77
"Inglorious Basterds","word","word_56",34.9
"Inglorious Basterds","word","word_30",34.97
"Inglorious Basterds","word","word_30",35.05
"Inglorious Basterds","word","word_30",35.1
"Inglorious Basterds","death","word_1",35.17
"Inglorious Basterds","word","word_17",35.2
"Inglorious Basterds","word","word_24",35.3
"Inglorious Basterds","word","word_2",48.17
"Inglorious Basterds","word","word_49",48.68
"Inglorious Basterds","word","word_51",51.48
"Inglorious Basterds","word","word_37",52.55
"Inglorious Basterds","word","word_49",58.43
"Inglorious Basterds","word","word_49",59.38
"Inglorious Basterds","word","word_49",59.57
"Inglorious Basterds","word","word_24",61.83
"Inglorious Basterds","word","word_33",69.48
"Inglorious Basterds","word","word_30",69.5
"Inglorious Basterds","word","word_60",73
"Inglorious Basterds","word","word_2",75.83
"Inglorious Basterds","word","word_49",86.97
"Inglorious Basterds","word","word_59",90.53
"Inglorious Basterds","word","word_37",92.03
"Inglorious Basterds","word","word_17",92.27
"Inglorious Basterds","death","word_1",92.68
"Inglorious Basterds","death","word_1",92.68
"Inglorious Basterds","death","word_1",92.7
"Inglorious Basterds","death","word_1",92.72
"Inglorious Basterds","death","word_1",92.73
"Inglorious Basterds","death","word_1",92.75
"Inglorious Basterds","death","word_1",92.77
"Inglorious Basterds","death","word_1",92.83
"Inglorious Basterds","death","word_1",92.87
"Inglorious Basterds","death","word_1",92.87
"Inglorious Basterds","word","word_30",96.87
"Inglorious Basterds","death","word_1",96.95
"Inglorious Basterds","word","word_33",97.12
"Inglorious Basterds","word","word_24",97.53
"Inglorious Basterds","word","word_37",100.97
"Inglorious Basterds","word","word_17",101
"Inglorious Basterds","word","word_24",101.82
"Inglorious Basterds","word","word_2",102.68
"Inglorious Basterds","word","word_51",103.4
"Inglorious Basterds","word","word_30",103.82
"Inglorious Basterds","death","word_1",104.6
"Inglorious Basterds","death","word_1",104.6
"Inglorious Basterds","death","word_1",104.6
"Inglorious Basterds","death","word_1",104.6
"Inglorious Basterds","word","word_26",107.77
"Inglorious Basterds","word","word_24",107.82
"Inglorious Basterds","word","word_2",111.43
"Inglorious Basterds","death","word_1",121.13
"Inglorious Basterds","word","word_30",121.53
"Inglorious Basterds","word","word_52",121.53
"Inglorious Basterds","word","word_24",121.55
"Inglorious Basterds","word","word_24",121.57
"Inglorious Basterds","word","word_52",121.62
"Inglorious Basterds","word","word_24",121.63
"Inglorious Basterds","word","word_24",121.68
"Inglorious Basterds","word","word_33",121.77
"Inglorious Basterds","word","word_10",121.78
"Inglorious Basterds","word","word_33",121.87
"Inglorious Basterds","word","word_17",124.72
"Inglorious Basterds","word","word_51",137.82
"Inglorious Basterds","word","word_2",138.93
"Inglorious Basterds","death","word_1",141.47
"Inglorious Basterds","death","word_1",141.53
"Inglorious Basterds","death","word_1",142.42
"Inglorious Basterds","death","word_1",142.52
"Inglorious Basterds","death","word_1",144.17
"Inglorious Basterds","death","word_1",144.17
"Inglorious Basterds","death","word_1",144.2
"Inglorious Basterds","death","word_1",144.63
"Inglorious Basterds","death","word_1",144.63
"Inglorious Basterds","death","word_1",144.65
"Inglorious Basterds","death","word_1",144.67
"Inglorious Basterds","death","word_1",144.68
"Inglorious Basterds","death","word_1",144.85
"Inglorious Basterds","death","word_1",144.85
"Inglorious Basterds","death","word_1",144.85
"Inglorious Basterds","death","word_1",145.1
"Inglorious Basterds","death","word_1",145.6
"Inglorious Basterds","death","word_1",147.37
"Inglorious Basterds","word","word_24",147.62
"Inglorious Basterds","word","word_33",148.73
"Django Unchained","word","word_33",7.23
"Django Unchained","death","word_1",7.75
"Django Unchained","word","word_33",8.37
"Django Unchained","word","word_9",8.38
"Django Unchained","word","word_17",8.65
"Django Unchained","word","word_30",8.87
"Django Unchained","word","word_17",8.88
"Django Unchained","word","word_48",9.8
"Django Unchained","word","word_33",10.07
"Django Unchained","word","word_37",10.53
"Django Unchained","death","word_1",12.63
"Django Unchained","word","word_48",13.57
"Django Unchained","word","word_48",14.07
"Django Unchained","word","word_37",14.75
"Django Unchained","word","word_48",14.78
"Django Unchained","word","word_2",19.37
"Django Unchained","death","word_1",19.62
"Django Unchained","word","word_33",20.25
"Django Unchained","word","word_48",20.47
"Django Unchained","word","word_37",22.67
"Django Unchained","word","word_48",24.98
"Django Unchained","word","word_48",28.55
"Django Unchained","word","word_48",28.65
"Django Unchained","word","word_48",28.8
"Django Unchained","word","word_48",29.38
"Django Unchained","word","word_48",29.5
"Django Unchained","word","word_48",29.65
"Django Unchained","word","word_48",31.07
"Django Unchained","word","word_48",31.1
"Django Unchained","word","word_17",33.12
"Django Unchained","death","word_1",36.47
"Django Unchained","word","word_33",36.55
"Django Unchained","word","word_9",36.57
"Django Unchained","death","word_1",37.45
"Django Unchained","death","word_1",38.03
"Django Unchained","word","word_10",40.92
"Django Unchained","word","word_48",41.68
"Django Unchained","word","word_48",42.02
"Django Unchained","word","word_30",42.23
"Django Unchained","word","word_51",42.23
"Django Unchained","word","word_30",42.33
"Django Unchained","word","word_51",42.38
"Django Unchained","word","word_33",42.45
"Django Unchained","word","word_51",42.47
"Django Unchained","word","word_33",42.5
"Django Unchained","word","word_51",43.12
"Django Unchained","word","word_30",43.22
"Django Unchained","word","word_30",43.25
"Django Unchained","word","word_30",43.27
"Django Unchained","word","word_24",43.28
"Django Unchained","word","word_10",43.42
"Django Unchained","word","word_48",43.65
"Django Unchained","word","word_33",44.3
"Django Unchained","word","word_30",44.42
"Django Unchained","word","word_51",44.55
"Django Unchained","word","word_48",44.58
"Django Unchained","word","word_48",44.63
"Django Unchained","word","word_48",44.67
"Django Unchained","word","word_51",45.5
"Django Unchained","death","word_1",45.78
"Django Unchained","word","word_37",47.65
"Django Unchained","word","word_37",48.3
"Django Unchained","word","word_17",53.08
"Django Unchained","death","word_1",55.07
"Django Unchained","death","word_1",56.58
"Django Unchained","death","word_1",56.62
"Django Unchained","death","word_1",56.63
"Django Unchained","death","word_1",56.65
"Django Unchained","word","word_48",59.42
"Django Unchained","word","word_34",59.65
"Django Unchained","word","word_48",59.75
"Django Unchained","word","word_24",60.5
"Django Unchained","word","word_30",62.22
"Django Unchained","word","word_48",63.2
"Django Unchained","word","word_48",64.78
"Django Unchained","death","word_1",66.9
"Django Unchained","word","word_48",70.1
"Django Unchained","word","word_48",71.17
"Django Unchained","word","word_48",71.2
"Django Unchained","word","word_48",71.23
"Django Unchained","word","word_48",71.28
"Django Unchained","word","word_48",71.35
"Django Unchained","word","word_48",71.87
"Django Unchained","word","word_48",73.17
"Django Unchained","word","word_48",73.23
"Django Unchained","word","word_48",73.32
"Django Unchained","word","word_48",73.73
"Django Unchained","word","word_48",74
"Django Unchained","word","word_48",74.4
"Django Unchained","word","word_33",74.77
"Django Unchained","word","word_48",74.83
"Django Unchained","word","word_37",75.67
"Django Unchained","word","word_33",76.2
"Django Unchained","word","word_48",76.3
"Django Unchained","word","word_48",76.37
"Django Unchained","word","word_2",76.45
"Django Unchained","word","word_33",76.45
"Django Unchained","word","word_37",76.92
"Django Unchained","word","word_48",78.48
"Django Unchained","word","word_2",79.57
"Django Unchained","word","word_33",79.63
"Django Unchained","word","word_33",79.77
"Django Unchained","word","word_48",79.8
"Django Unchained","word","word_48",81.32
"Django Unchained","word","word_33",81.68
"Django Unchained","word","word_48",82.98
"Django Unchained","word","word_48",83.47
"Django Unchained","word","word_48",83.52
"Django Unchained","word","word_48",83.68
"Django Unchained","death","word_1",84.38
"Django Unchained","word","word_48",84.47
"Django Unchained","word","word_2",88.32
"Django Unchained","word","word_48",88.35
"Django Unchained","word","word_48",88.75
"Django Unchained","word","word_2",88.97
"Django Unchained","word","word_48",89.13
"Django Unchained","word","word_48",89.13
"Django Unchained","word","word_48",89.35
"Django Unchained","word","word_7",89.52
"Django Unchained","word","word_48",89.62
"Django Unchained","word","word_2",90.03
"Django Unchained","word","word_45",90.03
"Django Unchained","word","word_33",90.17
"Django Unchained","word","word_48",90.32
"Django Unchained","word","word_33",90.37
"Django Unchained","word","word_48",90.42
"Django Unchained","word","word_51",90.43
"Django Unchained","word","word_2",90.88
"Django Unchained","word","word_48",91
"Django Unchained","word","word_48",91.02
"Django Unchained","word","word_48",91.17
"Django Unchained","word","word_48",91.18
"Django Unchained","word","word_2",92.12
"Django Unchained","word","word_17",92.23
"Django Unchained","word","word_17",92.25
"Django Unchained","word","word_51",92.27
"Django Unchained","word","word_17",92.33
"Django Unchained","word","word_9",92.37
"Django Unchained","word","word_48",92.53
"Django Unchained","word","word_48",92.67
"Django Unchained","word","word_2",92.78
"Django Unchained","word","word_2",93.22
"Django Unchained","word","word_48",96.73
"Django Unchained","word","word_2",101.02
"Django Unchained","word","word_48",101.48
"Django Unchained","word","word_48",101.97
"Django Unchained","word","word_48",102.07
"Django Unchained","word","word_48",102.32
"Django Unchained","word","word_48",102.6
"Django Unchained","word","word_48",102.78
"Django Unchained","word","word_48",102.83
"Django Unchained","word","word_48",103.02
"Django Unchained","word","word_48",103.15
"Django Unchained","word","word_48",103.2
"Django Unchained","word","word_37",103.83
"Django Unchained","word","word_48",104.23
"Django Unchained","word","word_48",104.27
"Django Unchained","word","word_2",104.35
"Django Unchained","word","word_48",104.9
"Django Unchained","word","word_9",104.97
"Django Unchained","word","word_48",105.62
"Django Unchained","word","word_48",106.12
"Django Unchained","word","word_2",108.38
"Django Unchained","word","word_48",108.48
"Django Unchained","word","word_48",108.65
"Django Unchained","word","word_48",109.12
"Django Unchained","word","word_48",109.18
"Django Unchained","word","word_48",109.2
"Django Unchained","word","word_33",109.33
"Django Unchained","word","word_33",111.33
"Django Unchained","word","word_17",111.53
"Django Unchained","word","word_48",112.08
"Django Unchained","word","word_51",112.08
"Django Unchained","word","word_25",112.08
"Django Unchained","word","word_46",113.05
"Django Unchained","word","word_37",113.22
"Django Unchained","word","word_2",113.25
"Django Unchained","word","word_48",113.5
"Django Unchained","word","word_48",113.97
"Django Unchained","word","word_48",114.05
"Django Unchained","word","word_24",114.15
"Django Unchained","word","word_9",114.18
"Django Unchained","word","word_33",114.93
"Django Unchained","word","word_10",115.02
"Django Unchained","word","word_10",115.07
"Django Unchained","word","word_17",116.65
"Django Unchained","word","word_33",117.85
"Django Unchained","word","word_40",120.65
"Django Unchained","word","word_2",121.12
"Django Unchained","word","word_33",121.12
"Django Unchained","word","word_48",121.37
"Django Unchained","word","word_48",121.67
"Django Unchained","word","word_48",122.45
"Django Unchained","word","word_33",122.6
"Django Unchained","word","word_2",122.63
"Django Unchained","word","word_48",123.42
"Django Unchained","word","word_51",130.07
"Django Unchained","word","word_48",130.38
"Django Unchained","word","word_2",130.45
"Django Unchained","death","word_1",131.27
"Django Unchained","death","word_1",131.53
"Django Unchained","death","word_1",131.72
"Django Unchained","death","word_1",131.8
"Django Unchained","death","word_1",131.83
"Django Unchained","death","word_1",131.92
"Django Unchained","death","word_1",132.05
"Django Unchained","death","word_1",132.13
"Django Unchained","death","word_1",132.13
"Django Unchained","death","word_1",132.13
"Django Unchained","word","word_30",132.22
"Django Unchained","word","word_48",131.73
"Django Unchained","word","word_51",132.1
"Django Unchained","word","word_9",132.12
"Django Unchained","word","word_30",132.22
"Django Unchained","word","word_17",132.3
"Django Unchained","word","word_9",132.32
"Django Unchained","word","word_30",132.35
"Django Unchained","word","word_17",132.37
"Django Unchained","word","word_24",132.42
"Django Unchained","word","word_24",132.53
"Django Unchained","word","word_48",132.55
"Django Unchained","death","word_1",133.08
"Django Unchained","word","word_48",133.17
"Django Unchained","word","word_45",133.27
"Django Unchained","death","word_1",133.38
"Django Unchained","death","word_1",133.38
"Django Unchained","word","word_51",133.42
"Django Unchained","death","word_1",133.47
"Django Unchained","death","word_1",133.5
"Django Unchained","death","word_1",133.52
"Django Unchained","death","word_1",133.65
"Django Unchained","death","word_1",133.83
"Django Unchained","death","word_1",133.87
"Django Unchained","word","word_51",134.4
"Django Unchained","word","word_33",134.77
"Django Unchained","word","word_33",135.18
"Django Unchained","word","word_39",135.43
"Django Unchained","word","word_2",135.65
"Django Unchained","word","word_33",135.7
"Django Unchained","word","word_9",135.78
"Django Unchained","word","word_48",136.2
"Django Unchained","word","word_48",138.3
"Django Unchained","word","word_2",140.23
"Django Unchained","word","word_46",140.25
"Django Unchained","word","word_2",140.43
"Django Unchained","word","word_30",140.5
"Django Unchained","word","word_48",140.68
"Django Unchained","word","word_51",140.93
"Django Unchained","word","word_48",140.97
"Django Unchained","word","word_51",141.22
"Django Unchained","word","word_37",141.25
"Django Unchained","word","word_48",141.27
"Django Unchained","word","word_2",141.52
"Django Unchained","word","word_2",142.42
"Django Unchained","word","word_48",142.43
"Django Unchained","word","word_24",143.68
"Django Unchained","word","word_24",144.2
"Django Unchained","word","word_2",144.58
"Django Unchained","word","word_10",144.77
"Django Unchained","word","word_33",145.12
"Django Unchained","word","word_30",145.17
"Django Unchained","word","word_51",145.22
"Django Unchained","word","word_2",145.53
"Django Unchained","word","word_30",147.2
"Django Unchained","word","word_17",147.23
"Django Unchained","word","word_48",147.48
"Django Unchained","word","word_24",147.62
"Django Unchained","word","word_33",148.43
"Django Unchained","word","word_48",148.57
"Django Unchained","word","word_30",149.02
"Django Unchained","death","word_1",149.1
"Django Unchained","death","word_1",149.1
"Django Unchained","death","word_1",149.13
"Django Unchained","word","word_33",152.23
"Django Unchained","word","word_45",152.35
"Django Unchained","death","word_1",152.37
"Django Unchained","death","word_1",152.38
"Django Unchained","death","word_1",152.4
"Django Unchained","death","word_1",152.4
"Django Unchained","death","word_1",152.47
"Django Unchained","death","word_1",152.47
"Django Unchained","death","word_1",152.5
"Django Unchained","death","word_1",156.77
"Django Unchained","word","word_9",157.3
"Django Unchained","death","word_1",157.37
"Django Unchained","death","word_1",157.85
"Django Unchained","word","word_48",158.62
"Django Unchained","word","word_48",158.65
"Django Unchained","word","word_51",158.78
"Django Unchained","word","word_48",158.78
"Django Unchained","word","word_45",158.9
"Django Unchained","word","word_17",158.92
"Django Unchained","word","word_48",158.98
"Django Unchained","word","word_39",159.18
"Django Unchained","word","word_48",159.25
"Django Unchained","word","word_9",159.33
"Django Unchained","word","word_45",159.37
"Django Unchained","word","word_48",159.42
"Django Unchained","word","word_2",159.53
"Django Unchained","word","word_48",159.58
"Django Unchained","word","word_48",159.65
"Django Unchained","word","word_2",159.7
"Django Unchained","word","word_2",159.77
"Django Unchained","word","word_48",159.8
"Django Unchained","word","word_25",159.83
"Django Unchained","word","word_48",159.88
"Django Unchained","word","word_48",160.2
"Django Unchained","word","word_2",160.28
"Django Unchained","death","word_1",160.45
"Jackie Brown","word","word_2",4.38
"Jackie Brown","word","word_51",4.53
"Jackie Brown","word","word_51",4.63
"Jackie Brown","word","word_45",4.85
"Jackie Brown","word","word_51",4.95
"Jackie Brown","word","word_51",5
"Jackie Brown","word","word_45",5.28
"Jackie Brown","word","word_48",5.37
"Jackie Brown","word","word_48",5.45
"Jackie Brown","word","word_30",5.53
"Jackie Brown","word","word_17",5.6
"Jackie Brown","word","word_48",5.67
"Jackie Brown","word","word_51",5.7
"Jackie Brown","word","word_48",6.02
"Jackie Brown","word","word_45",6.08
"Jackie Brown","word","word_51",6.18
"Jackie Brown","word","word_45",6.37
"Jackie Brown","word","word_2",6.7
"Jackie Brown","word","word_51",7.45
"Jackie Brown","word","word_51",8.35
"Jackie Brown","word","word_48",8.58
"Jackie Brown","word","word_48",8.62
"Jackie Brown","word","word_48",8.65
"Jackie Brown","word","word_47",8.82
"Jackie Brown","word","word_46",9.23
"Jackie Brown","word","word_9",9.97
"Jackie Brown","word","word_24",10.08
"Jackie Brown","word","word_24",10.12
"Jackie Brown","word","word_33",10.2
"Jackie Brown","word","word_48",10.2
"Jackie Brown","word","word_33",10.25
"Jackie Brown","word","word_46",10.5
"Jackie Brown","word","word_51",10.52
"Jackie Brown","word","word_47",10.53
"Jackie Brown","word","word_24",10.58
"Jackie Brown","word","word_48",12.12
"Jackie Brown","word","word_51",12.82
"Jackie Brown","word","word_24",12.82
"Jackie Brown","word","word_2",13.1
"Jackie Brown","word","word_24",15.63
"Jackie Brown","word","word_48",15.68
"Jackie Brown","word","word_48",15.72
"Jackie Brown","word","word_2",15.98
"Jackie Brown","word","word_47",16.03
"Jackie Brown","word","word_48",16.1
"Jackie Brown","word","word_2",16.2
"Jackie Brown","word","word_48",16.23
"Jackie Brown","word","word_33",16.25
"Jackie Brown","word","word_51",16.28
"Jackie Brown","word","word_2",16.3
"Jackie Brown","word","word_2",16.33
"Jackie Brown","word","word_47",16.35
"Jackie Brown","word","word_48",16.38
"Jackie Brown","word","word_45",16.47
"Jackie Brown","word","word_37",16.52
"Jackie Brown","word","word_51",16.55
"Jackie Brown","word","word_2",16.58
"Jackie Brown","word","word_51",16.65
"Jackie Brown","word","word_48",16.77
"Jackie Brown","word","word_30",16.87
"Jackie Brown","word","word_48",17.12
"Jackie Brown","word","word_2",17.22
"Jackie Brown","word","word_48",17.25
"Jackie Brown","word","word_24",17.3
"Jackie Brown","word","word_51",17.4
"Jackie Brown","word","word_30",17.42
"Jackie Brown","word","word_2",17.48
"Jackie Brown","word","word_30",17.52
"Jackie Brown","word","word_48",17.82
"Jackie Brown","word","word_48",17.82
"Jackie Brown","word","word_48",17.85
"Jackie Brown","word","word_48",17.9
"Jackie Brown","word","word_48",17.95
"Jackie Brown","word","word_2",18.23
"Jackie Brown","word","word_51",18.38
"Jackie Brown","word","word_48",18.8
"Jackie Brown","word","word_51",19.07
"Jackie Brown","word","word_45",19.35
"Jackie Brown","word","word_45",19.45
"Jackie Brown","word","word_24",19.47
"Jackie Brown","word","word_51",19.47
"Jackie Brown","word","word_30",19.58
"Jackie Brown","word","word_2",19.62
"Jackie Brown","word","word_33",19.72
"Jackie Brown","word","word_33",19.83
"Jackie Brown","word","word_33",19.93
"Jackie Brown","word","word_2",19.95
"Jackie Brown","word","word_48",20.05
"Jackie Brown","word","word_45",20.12
"Jackie Brown","word","word_2",20.17
"Jackie Brown","word","word_33",20.22
"Jackie Brown","word","word_2",20.28
"Jackie Brown","word","word_2",20.35
"Jackie Brown","word","word_48",20.38
"Jackie Brown","word","word_30",20.52
"Jackie Brown","word","word_48",20.57
"Jackie Brown","word","word_51",20.58
"Jackie Brown","word","word_30",20.65
"Jackie Brown","word","word_45",21.05
"Jackie Brown","word","word_45",21.12
"Jackie Brown","word","word_33",21.13
"Jackie Brown","word","word_45",21.18
"Jackie Brown","word","word_37",21.22
"Jackie Brown","death","word_1",23.08
"Jackie Brown","word","word_48",23.07
"Jackie Brown","word","word_51",25.53
"Jackie Brown","word","word_33",26.13
"Jackie Brown","word","word_47",26.37
"Jackie Brown","word","word_2",26.38
"Jackie Brown","word","word_48",27.07
"Jackie Brown","word","word_24",27.08
"Jackie Brown","word","word_48",27.2
"Jackie Brown","word","word_48",27.22
"Jackie Brown","word","word_48",27.48
"Jackie Brown","word","word_57",28.67
"Jackie Brown","word","word_30",28.72
"Jackie Brown","word","word_33",29.05
"Jackie Brown","word","word_30",29.72
"Jackie Brown","word","word_31",30.63
"Jackie Brown","word","word_51",30.63
"Jackie Brown","word","word_55",30.77
"Jackie Brown","word","word_30",30.78
"Jackie Brown","word","word_51",30.8
"Jackie Brown","word","word_24",31.97
"Jackie Brown","word","word_51",32.13
"Jackie Brown","word","word_57",32.4
"Jackie Brown","word","word_33",32.65
"Jackie Brown","word","word_51",33.47
"Jackie Brown","word","word_51",33.67
"Jackie Brown","word","word_30",36.4
"Jackie Brown","word","word_51",36.42
"Jackie Brown","word","word_51",36.52
"Jackie Brown","word","word_51",36.97
"Jackie Brown","word","word_51",37
"Jackie Brown","word","word_37",37.13
"Jackie Brown","word","word_47",37.15
"Jackie Brown","word","word_2",37.28
"Jackie Brown","word","word_51",37.33
"Jackie Brown","word","word_2",37.37
"Jackie Brown","word","word_51",37.88
"Jackie Brown","word","word_51",38.58
"Jackie Brown","word","word_24",38.95
"Jackie Brown","word","word_30",38.98
"Jackie Brown","word","word_51",39.3
"Jackie Brown","word","word_51",39.35
"Jackie Brown","word","word_9",44.32
"Jackie Brown","word","word_2",45.38
"Jackie Brown","word","word_37",48.1
"Jackie Brown","word","word_2",48.1
"Jackie Brown","word","word_2",48.17
"Jackie Brown","word","word_51",48.35
"Jackie Brown","word","word_17",48.52
"Jackie Brown","word","word_51",48.53
"Jackie Brown","word","word_54",48.6
"Jackie Brown","word","word_54",50.45
"Jackie Brown","word","word_19",50.88
"Jackie Brown","word","word_48",50.97
"Jackie Brown","word","word_37",51.03
"Jackie Brown","word","word_24",51.05
"Jackie Brown","word","word_24",51.1
"Jackie Brown","word","word_2",51.22
"Jackie Brown","word","word_46",51.32
"Jackie Brown","word","word_24",51.4
"Jackie Brown","word","word_17",51.42
"Jackie Brown","word","word_2",51.45
"Jackie Brown","word","word_30",51.5
"Jackie Brown","word","word_2",51.62
"Jackie Brown","word","word_24",51.65
"Jackie Brown","word","word_47",51.8
"Jackie Brown","word","word_47",51.97
"Jackie Brown","word","word_47",53.17
"Jackie Brown","word","word_2",57.42
"Jackie Brown","word","word_24",57.93
"Jackie Brown","word","word_2",59.12
"Jackie Brown","word","word_51",60.2
"Jackie Brown","word","word_51",61.53
"Jackie Brown","word","word_2",61.93
"Jackie Brown","word","word_33",62.97
"Jackie Brown","word","word_51",63.07
"Jackie Brown","word","word_51",63.07
"Jackie Brown","word","word_51",66.05
"Jackie Brown","word","word_30",67.82
"Jackie Brown","word","word_24",67.95
"Jackie Brown","word","word_17",69.7
"Jackie Brown","word","word_48",70.02
"Jackie Brown","word","word_46",70.03
"Jackie Brown","word","word_2",70.05
"Jackie Brown","word","word_11",70.1
"Jackie Brown","word","word_45",70.12
"Jackie Brown","word","word_17",70.15
"Jackie Brown","word","word_24",70.3
"Jackie Brown","word","word_33",70.45
"Jackie Brown","word","word_24",70.8
"Jackie Brown","word","word_24",70.9
"Jackie Brown","word","word_2",70.93
"Jackie Brown","word","word_51",71.2
"Jackie Brown","word","word_24",71.23
"Jackie Brown","word","word_17",71.67
"Jackie Brown","word","word_30",72.6
"Jackie Brown","word","word_24",73.2
"Jackie Brown","word","word_51",73.27
"Jackie Brown","word","word_24",73.85
"Jackie Brown","word","word_51",75.37
"Jackie Brown","word","word_50",75.38
"Jackie Brown","word","word_51",75.6
"Jackie Brown","word","word_9",75.63
"Jackie Brown","word","word_30",75.63
"Jackie Brown","word","word_24",75.7
"Jackie Brown","word","word_48",75.7
"Jackie Brown","word","word_17",75.73
"Jackie Brown","word","word_24",75.77
"Jackie Brown","word","word_25",75.87
"Jackie Brown","word","word_51",76.18
"Jackie Brown","word","word_10",76.32
"Jackie Brown","word","word_2",76.72
"Jackie Brown","word","word_2",76.92
"Jackie Brown","word","word_9",77.05
"Jackie Brown","word","word_24",77.35
"Jackie Brown","word","word_9",77.47
"Jackie Brown","word","word_2",79.37
"Jackie Brown","word","word_51",80.33
"Jackie Brown","word","word_24",81
"Jackie Brown","word","word_51",81.02
"Jackie Brown","word","word_51",83.92
"Jackie Brown","word","word_51",88.68
"Jackie Brown","word","word_51",88.83
"Jackie Brown","word","word_37",92.38
"Jackie Brown","word","word_37",92.38
"Jackie Brown","word","word_37",92.43
"Jackie Brown","word","word_51",92.52
"Jackie Brown","word","word_51",92.55
"Jackie Brown","word","word_33",92.57
"Jackie Brown","word","word_24",92.58
"Jackie Brown","word","word_2",92.62
"Jackie Brown","word","word_30",92.63
"Jackie Brown","word","word_24",92.65
"Jackie Brown","word","word_2",92.7
"Jackie Brown","word","word_51",92.82
"Jackie Brown","word","word_2",92.97
"Jackie Brown","word","word_17",93.03
"Jackie Brown","word","word_51",94.13
"Jackie Brown","word","word_2",94.27
"Jackie Brown","word","word_2",94.77
"Jackie Brown","word","word_17",94.98
"Jackie Brown","word","word_51",95.07
"Jackie Brown","word","word_45",95.08
"Jackie Brown","word","word_45",95.13
"Jackie Brown","word","word_51",96.7
"Jackie Brown","word","word_30",96.9
"Jackie Brown","word","word_37",97.37
"Jackie Brown","word","word_9",98.02
"Jackie Brown","word","word_2",98.07
"Jackie Brown","word","word_51",98.15
"Jackie Brown","word","word_47",98.17
"Jackie Brown","word","word_33",98.23
"Jackie Brown","word","word_33",98.45
"Jackie Brown","word","word_9",98.45
"Jackie Brown","word","word_30",98.47
"Jackie Brown","word","word_2",101.37
"Jackie Brown","word","word_24",101.92
"Jackie Brown","word","word_47",101.98
"Jackie Brown","word","word_9",102.07
"Jackie Brown","word","word_30",102.08
"Jackie Brown","word","word_2",102.08
"Jackie Brown","word","word_33",102.1
"Jackie Brown","word","word_2",102.32
"Jackie Brown","word","word_24",102.33
"Jackie Brown","word","word_2",105.27
"Jackie Brown","word","word_24",106.32
"Jackie Brown","word","word_33",109.7
"Jackie Brown","word","word_24",109.77
"Jackie Brown","word","word_30",109.82
"Jackie Brown","word","word_51",109.97
"Jackie Brown","word","word_9",110.13
"Jackie Brown","word","word_30",110.15
"Jackie Brown","word","word_30",110.52
"Jackie Brown","word","word_24",111.27
"Jackie Brown","word","word_24",111.83
"Jackie Brown","word","word_33",111.85
"Jackie Brown","word","word_30",111.9
"Jackie Brown","word","word_24",111.97
"Jackie Brown","word","word_30",111.98
"Jackie Brown","word","word_24",112.07
"Jackie Brown","word","word_24",112.35
"Jackie Brown","word","word_30",113.18
"Jackie Brown","death","word_1",113.28
"Jackie Brown","word","word_9",114.98
"Jackie Brown","word","word_30",115
"Jackie Brown","word","word_24",116.07
"Jackie Brown","word","word_30",120.22
"Jackie Brown","word","word_30",120.35
"Jackie Brown","word","word_30",120.85
"Jackie Brown","word","word_9",121.1
"Jackie Brown","word","word_30",121.87
"Jackie Brown","word","word_30",121.92
"Jackie Brown","word","word_2",122.08
"Jackie Brown","word","word_24",122.12
"Jackie Brown","word","word_24",122.15
"Jackie Brown","word","word_24",122.17
"Jackie Brown","word","word_30",121.2
"Jackie Brown","word","word_51",122.28
"Jackie Brown","word","word_9",123.32
"Jackie Brown","word","word_51",123.63
"Jackie Brown","word","word_45",124.57
"Jackie Brown","word","word_37",124.65
"Jackie Brown","word","word_2",124.68
"Jackie Brown","word","word_46",124.75
"Jackie Brown","word","word_30",124.83
"Jackie Brown","word","word_30",124.85
"Jackie Brown","word","word_30",124.88
"Jackie Brown","word","word_30",124.9
"Jackie Brown","word","word_33",124.97
"Jackie Brown","word","word_45",125.07
"Jackie Brown","word","word_2",125.1
"Jackie Brown","word","word_51",125.12
"Jackie Brown","word","word_30",125.15
"Jackie Brown","word","word_24",125.33
"Jackie Brown","word","word_2",125.37
"Jackie Brown","death","word_1",125.43
"Jackie Brown","word","word_51",126.42
"Jackie Brown","word","word_30",126.62
"Jackie Brown","word","word_30",127.07
"Jackie Brown","word","word_30",127.42
"Jackie Brown","word","word_30",128.38
"Jackie Brown","word","word_47",128.42
"Jackie Brown","word","word_45",128.47
"Jackie Brown","word","word_24",129.17
"Jackie Brown","word","word_30",129.57
"Jackie Brown","word","word_33",130.9
"Jackie Brown","word","word_47",130.92
"Jackie Brown","word","word_47",131
"Jackie Brown","word","word_45",131.08
"Jackie Brown","word","word_45",131.18
"Jackie Brown","word","word_51",131.22
"Jackie Brown","word","word_48",131.25
"Jackie Brown","word","word_45",131.28
"Jackie Brown","word","word_33",131.35
"Jackie Brown","word","word_45",131.38
"Jackie Brown","word","word_51",131.4
"Jackie Brown","word","word_33",131.45
"Jackie Brown","word","word_51",131.57
"Jackie Brown","word","word_48",131.8
"Jackie Brown","word","word_47",132.78
"Jackie Brown","word","word_2",133.05
"Jackie Brown","word","word_47",133.13
"Jackie Brown","word","word_24",134
"Jackie Brown","word","word_33",134.02
"Jackie Brown","word","word_30",134.07
"Jackie Brown","word","word_2",134.18
"Jackie Brown","word","word_45",134.33
"Jackie Brown","word","word_45",134.5
"Jackie Brown","word","word_48",134.78
"Jackie Brown","word","word_51",135
"Jackie Brown","word","word_2",135.67
"Jackie Brown","word","word_22",135.72
"Jackie Brown","word","word_11",136.72
"Jackie Brown","word","word_30",136.9
"Jackie Brown","word","word_2",137.13
"Jackie Brown","word","word_48",137.13
"Jackie Brown","word","word_33",138.2
"Jackie Brown","word","word_11",141.03
"Jackie Brown","word","word_9",141.2
"Jackie Brown","word","word_33",141.23
"Jackie Brown","word","word_45",141.35
"Jackie Brown","word","word_48",141.5
"Jackie Brown","word","word_45",141.55
"Jackie Brown","word","word_45",141.8
"Jackie Brown","word","word_45",141.93
"Jackie Brown","word","word_2",142.43
"Jackie Brown","word","word_30",142.47
"Jackie Brown","word","word_33",142.97
"Jackie Brown","death","word_1",143.13
